table,column,bins,table_column
title,t.id,"[1.00000000e+00 5.05672200e+04 1.01133440e+05 1.51699660e+05
 2.02265880e+05 2.52832100e+05 3.03398320e+05 3.53964540e+05
 4.04530760e+05 4.55096980e+05 5.05663200e+05 5.56229420e+05
 6.06795640e+05 6.57361860e+05 7.07928080e+05 7.58494300e+05
 8.09060520e+05 8.59626740e+05 9.10192960e+05 9.60759180e+05
 1.01132540e+06 1.06189162e+06 1.11245784e+06 1.16302406e+06
 1.21359028e+06 1.26415650e+06 1.31472272e+06 1.36528894e+06
 1.41585516e+06 1.46642138e+06 1.51698760e+06 1.56755382e+06
 1.61812004e+06 1.66868626e+06 1.71925248e+06 1.76981870e+06
 1.82038492e+06 1.87095114e+06 1.92151736e+06 1.97208358e+06
 2.02264980e+06 2.07321602e+06 2.12378224e+06 2.17434846e+06
 2.22491468e+06 2.27548090e+06 2.32604712e+06 2.37661334e+06
 2.42717956e+06 2.47774578e+06 2.52831200e+06]",title.t.id
title,t.kind_id,"[1. 1. 1. 1. 1. 1. 1. 1. 1. 1. 1. 1. 1. 1. 2. 3. 3. 4. 4. 4. 7. 7. 7. 7.
 7. 7. 7. 7. 7. 7. 7. 7. 7. 7. 7. 7. 7. 7. 7. 7. 7. 7. 7. 7. 7. 7. 7. 7.
 7. 7. 7.]",title.t.kind_id
title,t.production_year,"[1880. 1913. 1923. 1942. 1955. 1960. 1964. 1968. 1971. 1975. 1978. 1982.
 1985. 1987. 1990. 1992. 1994. 1995. 1996. 1998. 1999. 2000. 2001. 2001.
 2002. 2003. 2004. 2004. 2005. 2005. 2006. 2006. 2007. 2007. 2007. 2008.
 2008. 2009. 2009. 2009. 2010. 2010. 2010. 2011. 2011. 2011. 2012. 2012.
 2012. 2013. 2019.]",title.t.production_year
movie_companies,mc.id,"[1.00000000e+00 5.21835600e+04 1.04366120e+05 1.56548680e+05
 2.08731240e+05 2.60913800e+05 3.13096360e+05 3.65278920e+05
 4.17461480e+05 4.69644040e+05 5.21826600e+05 5.74009160e+05
 6.26191720e+05 6.78374280e+05 7.30556840e+05 7.82739400e+05
 8.34921960e+05 8.87104520e+05 9.39287080e+05 9.91469640e+05
 1.04365220e+06 1.09583476e+06 1.14801732e+06 1.20019988e+06
 1.25238244e+06 1.30456500e+06 1.35674756e+06 1.40893012e+06
 1.46111268e+06 1.51329524e+06 1.56547780e+06 1.61766036e+06
 1.66984292e+06 1.72202548e+06 1.77420804e+06 1.82639060e+06
 1.87857316e+06 1.93075572e+06 1.98293828e+06 2.03512084e+06
 2.08730340e+06 2.13948596e+06 2.19166852e+06 2.24385108e+06
 2.29603364e+06 2.34821620e+06 2.40039876e+06 2.45258132e+06
 2.50476388e+06 2.55694644e+06 2.60912900e+06]",movie_companies.mc.id
movie_companies,mc.company_id,"[1.0000000e+00 6.0000000e+00 1.9000000e+01 2.7000000e+01 6.8000000e+01
 1.3300000e+02 1.6000000e+02 1.8900000e+02 2.9200000e+02 4.0200000e+02
 4.7600000e+02 6.1000000e+02 8.1000000e+02 1.1290000e+03 1.4270000e+03
 1.7000000e+03 2.1180000e+03 2.6900000e+03 3.4640000e+03 4.5990000e+03
 6.0290000e+03 7.4570000e+03 8.9250000e+03 1.0865000e+04 1.1153000e+04
 1.1318000e+04 1.1652000e+04 1.2319000e+04 1.3142000e+04 1.4120000e+04
 1.5149000e+04 1.7032000e+04 1.9067000e+04 2.2386000e+04 2.6795000e+04
 3.2380000e+04 4.0543000e+04 4.9123000e+04 6.0785280e+04 7.1223000e+04
 7.3232000e+04 7.6073000e+04 8.0289000e+04 8.6128000e+04 9.2300000e+04
 9.9222000e+04 1.1087100e+05 1.2927632e+05 1.5499488e+05 1.8974444e+05
 2.3499700e+05]",movie_companies.mc.company_id
movie_companies,mc.movie_id,"[2.00000000e+00 1.04911800e+05 1.94182000e+05 2.95563000e+05
 3.79025000e+05 4.99037800e+05 5.80476000e+05 6.84577000e+05
 7.93342480e+05 8.77453000e+05 9.80519000e+05 1.07904116e+06
 1.17060700e+06 1.26280928e+06 1.33436984e+06 1.39689200e+06
 1.47011692e+06 1.58056940e+06 1.64807300e+06 1.67709800e+06
 1.70662920e+06 1.73523100e+06 1.76177000e+06 1.78963500e+06
 1.81626544e+06 1.84400500e+06 1.87467800e+06 1.90258100e+06
 1.92992100e+06 1.95685200e+06 1.98441280e+06 2.01347480e+06
 2.04040092e+06 2.06569096e+06 2.09295800e+06 2.12098460e+06
 2.15026600e+06 2.17929344e+06 2.20891728e+06 2.23907384e+06
 2.26607140e+06 2.29417800e+06 2.32168600e+06 2.34863200e+06
 2.37155700e+06 2.39334000e+06 2.41607976e+06 2.44115500e+06
 2.46809288e+06 2.49729344e+06 2.52574500e+06]",movie_companies.mc.movie_id
movie_companies,mc.company_type_id,"[1. 1. 1. 1. 1. 1. 1. 1. 1. 1. 1. 1. 1. 1. 1. 1. 1. 1. 1. 1. 1. 1. 1. 1.
 1. 2. 2. 2. 2. 2. 2. 2. 2. 2. 2. 2. 2. 2. 2. 2. 2. 2. 2. 2. 2. 2. 2. 2.
 2. 2. 2.]",movie_companies.mc.company_type_id
cast_info,ci.id,"[1.00000000e+00 7.24887860e+05 1.44977472e+06 2.17466158e+06
 2.89954844e+06 3.62443530e+06 4.34932216e+06 5.07420902e+06
 5.79909588e+06 6.52398274e+06 7.24886960e+06 7.97375646e+06
 8.69864332e+06 9.42353018e+06 1.01484170e+07 1.08733039e+07
 1.15981908e+07 1.23230776e+07 1.30479645e+07 1.37728513e+07
 1.44977382e+07 1.52226251e+07 1.59475119e+07 1.66723988e+07
 1.73972856e+07 1.81221725e+07 1.88470594e+07 1.95719462e+07
 2.02968331e+07 2.10217199e+07 2.17466068e+07 2.24714937e+07
 2.31963805e+07 2.39212674e+07 2.46461542e+07 2.53710411e+07
 2.60959280e+07 2.68208148e+07 2.75457017e+07 2.82705885e+07
 2.89954754e+07 2.97203623e+07 3.04452491e+07 3.11701360e+07
 3.18950228e+07 3.26199097e+07 3.33447966e+07 3.40696834e+07
 3.47945703e+07 3.55194571e+07 3.62443440e+07]",cast_info.ci.id
cast_info,ci.movie_id,"[1.00000000e+00 5.48740000e+04 1.05584000e+05 1.61492000e+05
 2.16566000e+05 2.79897000e+05 3.30190000e+05 3.79026000e+05
 4.38045000e+05 4.86553000e+05 5.42235000e+05 5.90973000e+05
 6.39999000e+05 7.03344000e+05 7.64273000e+05 8.14846000e+05
 8.61851000e+05 9.04285000e+05 9.57862000e+05 1.01257500e+06
 1.05681700e+06 1.10357206e+06 1.15450800e+06 1.20314300e+06
 1.26456400e+06 1.31145800e+06 1.36046300e+06 1.41815400e+06
 1.46685900e+06 1.52728800e+06 1.58364100e+06 1.64119600e+06
 1.69075600e+06 1.73860300e+06 1.78524100e+06 1.83028800e+06
 1.87750300e+06 1.92433900e+06 1.97077500e+06 2.01929100e+06
 2.06694400e+06 2.11289200e+06 2.15926300e+06 2.20836900e+06
 2.25578884e+06 2.30221300e+06 2.34459900e+06 2.38794000e+06
 2.43199900e+06 2.48006100e+06 2.52597500e+06]",cast_info.ci.movie_id
cast_info,ci.person_id,"[1.00000000e+00 7.74460000e+04 1.45798000e+05 2.12749580e+05
 2.81691000e+05 3.47240000e+05 4.19543000e+05 4.90567020e+05
 5.61647000e+05 6.29515000e+05 6.99950000e+05 7.79462000e+05
 8.56481000e+05 9.27356000e+05 9.97030000e+05 1.06813800e+06
 1.14103076e+06 1.21393200e+06 1.28917600e+06 1.35639600e+06
 1.42786600e+06 1.49943900e+06 1.57664300e+06 1.65047900e+06
 1.71978000e+06 1.79836600e+06 1.87724800e+06 1.96065100e+06
 2.03917700e+06 2.12038000e+06 2.21035300e+06 2.29207600e+06
 2.37218800e+06 2.45354000e+06 2.53581100e+06 2.61905200e+06
 2.70133096e+06 2.76243482e+06 2.82031100e+06 2.88222600e+06
 2.94377700e+06 3.00504200e+06 3.06437912e+06 3.16150800e+06
 3.26550300e+06 3.40527100e+06 3.51797600e+06 3.63757200e+06
 3.77770900e+06 3.92286300e+06 4.06192600e+06]",cast_info.ci.person_id
cast_info,ci.role_id,"[ 1.  1.  1.  1.  1.  1.  1.  1.  1.  1.  1.  1.  1.  1.  1.  1.  1.  1.
  2.  2.  2.  2.  2.  2.  2.  2.  2.  2.  3.  3.  3.  3.  3.  3.  4.  4.
  4.  4.  5.  6.  8.  8.  8.  9. 10. 10. 10. 10. 10. 10. 11.]",cast_info.ci.role_id
movie_info_idx,mi_idx.id,"[1.00000000e+00 2.76016800e+04 5.52023600e+04 8.28030400e+04
 1.10403720e+05 1.38004400e+05 1.65605080e+05 1.93205760e+05
 2.20806440e+05 2.48407120e+05 2.76007800e+05 3.03608480e+05
 3.31209160e+05 3.58809840e+05 3.86410520e+05 4.14011200e+05
 4.41611880e+05 4.69212560e+05 4.96813240e+05 5.24413920e+05
 5.52014600e+05 5.79615280e+05 6.07215960e+05 6.34816640e+05
 6.62417320e+05 6.90018000e+05 7.17618680e+05 7.45219360e+05
 7.72820040e+05 8.00420720e+05 8.28021400e+05 8.55622080e+05
 8.83222760e+05 9.10823440e+05 9.38424120e+05 9.66024800e+05
 9.93625480e+05 1.02122616e+06 1.04882684e+06 1.07642752e+06
 1.10402820e+06 1.13162888e+06 1.15922956e+06 1.18683024e+06
 1.21443092e+06 1.24203160e+06 1.26963228e+06 1.29723296e+06
 1.32483364e+06 1.35243432e+06 1.38003500e+06]",movie_info_idx.mi_idx.id
movie_info_idx,mi_idx.movie_id,"[2.00000000e+00 8.10710000e+04 1.64222000e+05 2.54987080e+05
 3.46733720e+05 4.38201000e+05 5.22971000e+05 5.86238000e+05
 6.81408440e+05 7.80577000e+05 8.61761000e+05 9.41263000e+05
 1.04348616e+06 1.12455884e+06 1.19736900e+06 1.27491400e+06
 1.33699900e+06 1.40644556e+06 1.48357900e+06 1.58150800e+06
 1.64636700e+06 1.67827800e+06 1.70866696e+06 1.73747556e+06
 1.76627800e+06 1.79580200e+06 1.82393468e+06 1.85203000e+06
 1.88352448e+06 1.91345400e+06 1.94222200e+06 1.97221300e+06
 2.00276900e+06 2.03063200e+06 2.06081000e+06 2.08980080e+06
 2.11811848e+06 2.14843900e+06 2.17839600e+06 2.20771752e+06
 2.23730220e+06 2.26572700e+06 2.29422100e+06 2.32268124e+06
 2.35084184e+06 2.38026000e+06 2.40853700e+06 2.43795100e+06
 2.46794300e+06 2.49885132e+06 2.52579300e+06]",movie_info_idx.mi_idx.movie_id
movie_info_idx,mi_idx.info_type_id,"[ 99.  99.  99.  99.  99.  99.  99.  99.  99.  99.  99.  99.  99.  99.
  99.  99.  99. 100. 100. 100. 100. 100. 100. 100. 100. 100. 100. 100.
 100. 100. 100. 100. 100. 100. 101. 101. 101. 101. 101. 101. 101. 101.
 101. 101. 101. 101. 101. 101. 101. 101. 113.]",movie_info_idx.mi_idx.info_type_id
movie_info,mi.id,"[1.00000000e+00 2.96715380e+05 5.93429760e+05 8.90144140e+05
 1.18685852e+06 1.48357290e+06 1.78028728e+06 2.07700166e+06
 2.37371604e+06 2.67043042e+06 2.96714480e+06 3.26385918e+06
 3.56057356e+06 3.85728794e+06 4.15400232e+06 4.45071670e+06
 4.74743108e+06 5.04414546e+06 5.34085984e+06 5.63757422e+06
 5.93428860e+06 6.23100298e+06 6.52771736e+06 6.82443174e+06
 7.12114612e+06 7.41786050e+06 7.71457488e+06 8.01128926e+06
 8.30800364e+06 8.60471802e+06 8.90143240e+06 9.19814678e+06
 9.49486116e+06 9.79157554e+06 1.00882899e+07 1.03850043e+07
 1.06817187e+07 1.09784331e+07 1.12751474e+07 1.15718618e+07
 1.18685762e+07 1.21652906e+07 1.24620050e+07 1.27587193e+07
 1.30554337e+07 1.33521481e+07 1.36488625e+07 1.39455769e+07
 1.42422912e+07 1.45390056e+07 1.48357200e+07]",movie_info.mi.id
movie_info,mi.movie_id,"[1.00000000e+00 1.12225000e+05 2.16062760e+05 3.15018000e+05
 4.30227520e+05 5.37767900e+05 6.31732280e+05 7.51537000e+05
 8.49118000e+05 9.46033000e+05 1.06117500e+06 1.16827818e+06
 1.26987900e+06 1.34014894e+06 1.41905832e+06 1.52158270e+06
 1.63418900e+06 1.66040200e+06 1.68771984e+06 1.71555300e+06
 1.74193200e+06 1.76751200e+06 1.79363100e+06 1.82137900e+06
 1.84874700e+06 1.87813200e+06 1.90371700e+06 1.92998100e+06
 1.95547100e+06 1.98195000e+06 2.00873900e+06 2.03859600e+06
 2.06598500e+06 2.09291000e+06 2.12014200e+06 2.14743300e+06
 2.17556100e+06 2.20382900e+06 2.23206800e+06 2.25783200e+06
 2.28523820e+06 2.31052058e+06 2.33692400e+06 2.35927900e+06
 2.37933400e+06 2.39932400e+06 2.41966100e+06 2.44315700e+06
 2.47043600e+06 2.49809600e+06 2.52643000e+06]",movie_info.mi.movie_id
movie_info,mi.info_type_id,"[  1.   1.   1.   2.   2.   2.   2.   2.   3.   3.   3.   3.   3.   4.
   4.   4.   4.   5.   5.   6.   7.   7.   7.   7.   7.   8.   8.   8.
   8.   8.  13.  15.  15.  16.  16.  16.  16.  16.  16.  16.  16.  16.
  16.  17.  18.  18.  42.  96.  98. 106. 110.]",movie_info.mi.info_type_id
movie_keyword,mk.id,"[1.00000000e+00 9.04795800e+04 1.80958160e+05 2.71436740e+05
 3.61915320e+05 4.52393900e+05 5.42872480e+05 6.33351060e+05
 7.23829640e+05 8.14308220e+05 9.04786800e+05 9.95265380e+05
 1.08574396e+06 1.17622254e+06 1.26670112e+06 1.35717970e+06
 1.44765828e+06 1.53813686e+06 1.62861544e+06 1.71909402e+06
 1.80957260e+06 1.90005118e+06 1.99052976e+06 2.08100834e+06
 2.17148692e+06 2.26196550e+06 2.35244408e+06 2.44292266e+06
 2.53340124e+06 2.62387982e+06 2.71435840e+06 2.80483698e+06
 2.89531556e+06 2.98579414e+06 3.07627272e+06 3.16675130e+06
 3.25722988e+06 3.34770846e+06 3.43818704e+06 3.52866562e+06
 3.61914420e+06 3.70962278e+06 3.80010136e+06 3.89057994e+06
 3.98105852e+06 4.07153710e+06 4.16201568e+06 4.25249426e+06
 4.34297284e+06 4.43345142e+06 4.52393000e+06]",movie_keyword.mk.id
movie_keyword,mk.movie_id,"[2.00000000e+00 1.74196000e+05 3.18022000e+05 5.04832000e+05
 7.04239000e+05 8.95888000e+05 1.09229000e+06 1.27399000e+06
 1.42068600e+06 1.59087500e+06 1.65477800e+06 1.68078000e+06
 1.70444700e+06 1.72505962e+06 1.74312500e+06 1.76316400e+06
 1.78481400e+06 1.80699300e+06 1.83210700e+06 1.85377100e+06
 1.88384500e+06 1.90522200e+06 1.92657000e+06 1.94709142e+06
 1.96947800e+06 1.99345500e+06 2.01812100e+06 2.04432066e+06
 2.07006600e+06 2.09353700e+06 2.11766900e+06 2.13981796e+06
 2.16349212e+06 2.19072600e+06 2.21243200e+06 2.23481800e+06
 2.25573400e+06 2.27702400e+06 2.29683900e+06 2.31559500e+06
 2.33624700e+06 2.35296256e+06 2.36992400e+06 2.38444500e+06
 2.40033500e+06 2.41595200e+06 2.43263500e+06 2.45408000e+06
 2.48019900e+06 2.50268300e+06 2.52597100e+06]",movie_keyword.mk.movie_id
movie_keyword,mk.keyword_id,"[1.000000e+00 7.700000e+01 1.320000e+02 2.300000e+02 3.310000e+02
 3.470000e+02 3.840000e+02 4.950000e+02 6.430000e+02 7.840000e+02
 8.580000e+02 9.440000e+02 1.105000e+03 1.389000e+03 1.617000e+03
 1.768000e+03 2.035000e+03 2.246000e+03 2.488000e+03 2.762000e+03
 2.935000e+03 3.256000e+03 3.518000e+03 3.688000e+03 4.220000e+03
 4.703000e+03 5.274000e+03 5.816000e+03 6.306000e+03 7.110000e+03
 7.670000e+03 8.263000e+03 9.139000e+03 1.032300e+04 1.154000e+04
 1.237400e+04 1.408300e+04 1.585500e+04 1.629200e+04 1.860700e+04
 2.037300e+04 2.250800e+04 2.590800e+04 2.903300e+04 3.383300e+04
 3.913610e+04 4.613800e+04 5.810100e+04 7.162884e+04 8.478800e+04
 1.341700e+05]",movie_keyword.mk.keyword_id
company_type,ct.id,"[1.   1.06 1.12 1.18 1.24 1.3  1.36 1.42 1.48 1.54 1.6  1.66 1.72 1.78
 1.84 1.9  1.96 2.02 2.08 2.14 2.2  2.26 2.32 2.38 2.44 2.5  2.56 2.62
 2.68 2.74 2.8  2.86 2.92 2.98 3.04 3.1  3.16 3.22 3.28 3.34 3.4  3.46
 3.52 3.58 3.64 3.7  3.76 3.82 3.88 3.94 4.  ]",company_type.ct.id
company_type,ct.kind,"[0. 0. 0. 0. 0. 0. 0. 0. 0. 0. 0. 0. 0. 0. 0. 0. 0. 0. 0. 0. 0. 0. 0. 0.
 0. 0. 0. 0. 0. 0. 0. 0. 0. 0. 0. 0. 0. 0. 0. 0. 0. 0. 0. 0. 0. 0. 0. 0.
 0. 0. 0.]",company_type.ct.kind
complete_cast,cc.id,"[1.000000e+00 2.702700e+03 5.404400e+03 8.106100e+03 1.080780e+04
 1.350950e+04 1.621120e+04 1.891290e+04 2.161460e+04 2.431630e+04
 2.701800e+04 2.971970e+04 3.242140e+04 3.512310e+04 3.782480e+04
 4.052650e+04 4.322820e+04 4.592990e+04 4.863160e+04 5.133330e+04
 5.403500e+04 5.673670e+04 5.943840e+04 6.214010e+04 6.484180e+04
 6.754350e+04 7.024520e+04 7.294690e+04 7.564860e+04 7.835030e+04
 8.105200e+04 8.375370e+04 8.645540e+04 8.915710e+04 9.185880e+04
 9.456050e+04 9.726220e+04 9.996390e+04 1.026656e+05 1.053673e+05
 1.080690e+05 1.107707e+05 1.134724e+05 1.161741e+05 1.188758e+05
 1.215775e+05 1.242792e+05 1.269809e+05 1.296826e+05 1.323843e+05
 1.350860e+05]",complete_cast.cc.id
complete_cast,cc.movie_id,"[2.8500000e+02 6.2361000e+04 1.7354740e+05 2.3258400e+05 3.3768580e+05
 3.8466550e+05 4.0142520e+05 4.7454500e+05 5.5836700e+05 5.9182030e+05
 7.0253700e+05 7.7368700e+05 8.6196540e+05 9.2937200e+05 1.0288400e+06
 1.0961450e+06 1.1674412e+06 1.2711850e+06 1.2874710e+06 1.3373284e+06
 1.3969050e+06 1.4437754e+06 1.5267810e+06 1.5946470e+06 1.6592604e+06
 1.6979800e+06 1.7344472e+06 1.7613565e+06 1.7955504e+06 1.8314260e+06
 1.8703310e+06 1.9070410e+06 1.9427004e+06 1.9774051e+06 2.0199392e+06
 2.0565555e+06 2.0923000e+06 2.1296308e+06 2.1700392e+06 2.2102618e+06
 2.2468720e+06 2.2853423e+06 2.3170424e+06 2.3495484e+06 2.3720726e+06
 2.3941840e+06 2.4173402e+06 2.4459435e+06 2.4865392e+06 2.5245886e+06
 2.5283120e+06]",complete_cast.cc.movie_id
complete_cast,cc.subject_id,"[1. 1. 1. 1. 1. 1. 1. 1. 1. 1. 1. 1. 1. 1. 1. 1. 1. 1. 1. 1. 1. 1. 1. 1.
 1. 1. 1. 1. 1. 1. 1. 1. 2. 2. 2. 2. 2. 2. 2. 2. 2. 2. 2. 2. 2. 2. 2. 2.
 2. 2. 2.]",complete_cast.cc.subject_id
complete_cast,cc.status_id,"[3. 3. 3. 3. 3. 3. 3. 3. 3. 3. 3. 3. 3. 3. 3. 3. 3. 3. 3. 3. 3. 3. 3. 3.
 3. 3. 3. 3. 3. 3. 3. 3. 3. 3. 3. 3. 3. 3. 3. 3. 3. 4. 4. 4. 4. 4. 4. 4.
 4. 4. 4.]",complete_cast.cc.status_id
company_name,cn.id,"[1.0000000e+00 4.7009200e+03 9.4008400e+03 1.4100760e+04 1.8800680e+04
 2.3500600e+04 2.8200520e+04 3.2900440e+04 3.7600360e+04 4.2300280e+04
 4.7000200e+04 5.1700120e+04 5.6400040e+04 6.1099960e+04 6.5799880e+04
 7.0499800e+04 7.5199720e+04 7.9899640e+04 8.4599560e+04 8.9299480e+04
 9.3999400e+04 9.8699320e+04 1.0339924e+05 1.0809916e+05 1.1279908e+05
 1.1749900e+05 1.2219892e+05 1.2689884e+05 1.3159876e+05 1.3629868e+05
 1.4099860e+05 1.4569852e+05 1.5039844e+05 1.5509836e+05 1.5979828e+05
 1.6449820e+05 1.6919812e+05 1.7389804e+05 1.7859796e+05 1.8329788e+05
 1.8799780e+05 1.9269772e+05 1.9739764e+05 2.0209756e+05 2.0679748e+05
 2.1149740e+05 2.1619732e+05 2.2089724e+05 2.2559716e+05 2.3029708e+05
 2.3499700e+05]",company_name.cn.id
company_name,cn.name,"[0. 0. 0. 0. 0. 0. 0. 0. 0. 0. 0. 0. 0. 0. 0. 0. 0. 0. 0. 0. 0. 0. 0. 0.
 0. 0. 0. 0. 0. 0. 0. 0. 0. 0. 0. 0. 0. 0. 0. 0. 0. 0. 0. 0. 0. 0. 0. 0.
 0. 0. 0.]",company_name.cn.name
company_name,cn.country_code,"[0. 0. 0. 0. 0. 0. 0. 0. 0. 0. 0. 0. 0. 0. 0. 0. 0. 0. 0. 0. 0. 0. 0. 0.
 0. 0. 0. 0. 0. 0. 0. 0. 0. 0. 0. 0. 0. 0. 0. 0. 0. 0. 0. 0. 0. 0. 0. 0.
 0. 0. 0.]",company_name.cn.country_code
company_name,cn.imdb_id,"[0. 0. 0. 0. 0. 0. 0. 0. 0. 0. 0. 0. 0. 0. 0. 0. 0. 0. 0. 0. 0. 0. 0. 0.
 0. 0. 0. 0. 0. 0. 0. 0. 0. 0. 0. 0. 0. 0. 0. 0. 0. 0. 0. 0. 0. 0. 0. 0.
 0. 0. 0.]",company_name.cn.imdb_id
company_name,cn.name_pcode_nf,"[0. 0. 0. 0. 0. 0. 0. 0. 0. 0. 0. 0. 0. 0. 0. 0. 0. 0. 0. 0. 0. 0. 0. 0.
 0. 0. 0. 0. 0. 0. 0. 0. 0. 0. 0. 0. 0. 0. 0. 0. 0. 0. 0. 0. 0. 0. 0. 0.
 0. 0. 0.]",company_name.cn.name_pcode_nf
company_name,cn.name_pcode_sf,"[0. 0. 0. 0. 0. 0. 0. 0. 0. 0. 0. 0. 0. 0. 0. 0. 0. 0. 0. 0. 0. 0. 0. 0.
 0. 0. 0. 0. 0. 0. 0. 0. 0. 0. 0. 0. 0. 0. 0. 0. 0. 0. 0. 0. 0. 0. 0. 0.
 0. 0. 0.]",company_name.cn.name_pcode_sf
company_name,cn.md5sum,"[0. 0. 0. 0. 0. 0. 0. 0. 0. 0. 0. 0. 0. 0. 0. 0. 0. 0. 0. 0. 0. 0. 0. 0.
 0. 0. 0. 0. 0. 0. 0. 0. 0. 0. 0. 0. 0. 0. 0. 0. 0. 0. 0. 0. 0. 0. 0. 0.
 0. 0. 0.]",company_name.cn.md5sum
aka_title,at.id,"[1.0000000e+00 8.0774200e+03 1.6330840e+04 2.4251520e+04 3.1834680e+04
 3.9359100e+04 4.6928520e+04 5.4449940e+04 6.2016360e+04 6.9593780e+04
 7.7162200e+04 8.4654620e+04 9.2156040e+04 9.9681460e+04 1.0715088e+05
 1.1473730e+05 1.2226372e+05 1.2977914e+05 1.3728856e+05 1.4488098e+05
 1.5238440e+05 1.5992282e+05 1.6740824e+05 1.7498366e+05 1.8255808e+05
 1.9010750e+05 1.9765392e+05 2.0525534e+05 2.1282476e+05 2.2032318e+05
 2.2785060e+05 2.3533602e+05 2.4282444e+05 2.5034686e+05 2.5794728e+05
 2.6545370e+05 2.7297824e+05 2.8050654e+05 2.8804296e+05 2.9571838e+05
 3.0340980e+05 3.1111422e+05 3.1871764e+05 3.2622512e+05 3.3374648e+05
 3.4131090e+05 3.4884732e+05 3.5626574e+05 3.6349816e+05 3.7073058e+05
 3.7796000e+05]",aka_title.at.id
aka_title,at.movie_id,"[      0.    543465.12 1007668.88 1521111.78 1653593.48 1674643.
 1697511.   1718209.58 1741725.72 1764280.34 1784191.2  1804562.
 1821056.16 1838670.84 1856445.64 1877168.8  1899524.76 1919804.42
 1937796.04 1958600.   1974835.4  1993891.56 2011223.24 2026968.32
 2038565.08 2051200.   2064829.   2080942.   2101251.52 2120774.
 2141302.   2158878.12 2178828.   2199749.   2219921.28 2240171.
 2259762.   2278452.54 2295261.56 2316474.   2334804.   2356188.22
 2378014.92 2398155.   2418985.4  2439796.5  2458576.32 2475241.48
 2496205.32 2512667.   2525672.  ]",aka_title.at.movie_id
aka_title,at.production_year,"[1888. 1910. 1914. 1922. 1929. 1934. 1937. 1942. 1948. 1951. 1954. 1956.
 1959. 1961. 1963. 1966. 1967. 1969. 1971. 1973. 1974. 1976. 1978. 1979.
 1981. 1983. 1985. 1986. 1988. 1989. 1991. 1992. 1993. 1995. 1996. 1997.
 1999. 2000. 2001. 2002. 2003. 2004. 2005. 2006. 2007. 2008. 2009. 2010.
 2011. 2012. 2016.]",aka_title.at.production_year
aka_title,at.episode_of_id,"[1.00000e+01 7.76000e+02 1.09800e+03 1.44700e+03 1.98900e+03 2.44300e+03
 2.72600e+03 3.06700e+03 3.86700e+03 4.24300e+03 4.24300e+03 4.60900e+03
 5.41700e+03 5.72200e+03 6.47100e+03 7.43600e+03 8.27400e+03 8.41850e+03
 8.90100e+03 9.63200e+03 1.02670e+04 1.06610e+04 1.07570e+04 1.12080e+04
 1.19420e+04 1.21590e+04 1.25860e+04 1.29240e+04 1.32860e+04 1.41380e+04
 1.41380e+04 1.45590e+04 1.48100e+04 1.55480e+04 1.60590e+04 1.69410e+04
 1.74550e+04 1.79175e+04 1.84560e+04 1.96920e+04 1.99750e+04 2.02560e+04
 2.05220e+04 2.13070e+04 2.19040e+04 2.27700e+04 2.33870e+04 2.37740e+04
 2.43390e+04 2.47480e+04 2.53910e+04]",aka_title.at.episode_of_id
aka_title,at.season_nr,"[ 1.    1.    1.    1.    1.    1.    1.    1.    1.    1.    1.    1.
  1.    1.    1.    1.    1.    1.    1.    1.    1.    1.    1.    1.
  1.    1.    1.    1.    1.    1.    1.    1.    1.    1.    1.    2.
  2.    2.    2.    3.    3.    4.    4.    5.    7.    8.    9.   11.
 18.36 30.   63.  ]",aka_title.at.season_nr
aka_title,at.episode_nr,"[1.0000e+00 1.0000e+00 1.0000e+00 1.0000e+00 1.0000e+00 1.0000e+00
 2.0000e+00 2.0000e+00 2.0000e+00 2.0000e+00 2.0000e+00 3.0000e+00
 3.0000e+00 3.0000e+00 4.0000e+00 4.0000e+00 4.0000e+00 5.0000e+00
 5.0000e+00 5.0000e+00 6.0000e+00 6.0000e+00 6.0000e+00 7.0000e+00
 7.0000e+00 8.0000e+00 8.0000e+00 9.0000e+00 9.0000e+00 1.0000e+01
 1.1000e+01 1.1000e+01 1.2000e+01 1.3000e+01 1.3000e+01 1.5000e+01
 1.6000e+01 1.7000e+01 1.8000e+01 2.0000e+01 2.1000e+01 2.3000e+01
 2.5000e+01 2.7000e+01 3.1000e+01 3.6000e+01 4.2000e+01 4.8000e+01
 6.9000e+01 1.8916e+02 4.3150e+03]",aka_title.at.episode_nr
aka_title,at.kind_id,"[1. 1. 1. 1. 1. 1. 1. 1. 1. 1. 1. 1. 1. 1. 1. 1. 1. 1. 1. 1. 1. 1. 1. 1.
 1. 1. 1. 1. 1. 1. 1. 1. 1. 1. 1. 1. 1. 1. 1. 1. 1. 2. 2. 2. 3. 3. 3. 3.
 4. 6. 7.]",aka_title.at.kind_id
aka_title,at.title,"[0. 0. 0. 0. 0. 0. 0. 0. 0. 0. 0. 0. 0. 0. 0. 0. 0. 0. 0. 0. 0. 0. 0. 0.
 0. 0. 0. 0. 0. 0. 0. 0. 0. 0. 0. 0. 0. 0. 0. 0. 0. 0. 0. 0. 0. 0. 0. 0.
 0. 0. 0.]",aka_title.at.title
aka_title,at.imdb_index,"[0. 0. 0. 0. 0. 0. 0. 0. 0. 0. 0. 0. 0. 0. 0. 0. 0. 0. 0. 0. 0. 0. 0. 0.
 0. 0. 0. 0. 0. 0. 0. 0. 0. 0. 0. 0. 0. 0. 0. 0. 0. 0. 0. 0. 0. 0. 0. 0.
 0. 0. 0.]",aka_title.at.imdb_index
aka_title,at.md5sum,"[0. 0. 0. 0. 0. 0. 0. 0. 0. 0. 0. 0. 0. 0. 0. 0. 0. 0. 0. 0. 0. 0. 0. 0.
 0. 0. 0. 0. 0. 0. 0. 0. 0. 0. 0. 0. 0. 0. 0. 0. 0. 0. 0. 0. 0. 0. 0. 0.
 0. 0. 0.]",aka_title.at.md5sum
aka_title,at.note,"[0. 0. 0. 0. 0. 0. 0. 0. 0. 0. 0. 0. 0. 0. 0. 0. 0. 0. 0. 0. 0. 0. 0. 0.
 0. 0. 0. 0. 0. 0. 0. 0. 0. 0. 0. 0. 0. 0. 0. 0. 0. 0. 0. 0. 0. 0. 0. 0.
 0. 0. 0.]",aka_title.at.note
aka_title,at.phonetic_code,"[0. 0. 0. 0. 0. 0. 0. 0. 0. 0. 0. 0. 0. 0. 0. 0. 0. 0. 0. 0. 0. 0. 0. 0.
 0. 0. 0. 0. 0. 0. 0. 0. 0. 0. 0. 0. 0. 0. 0. 0. 0. 0. 0. 0. 0. 0. 0. 0.
 0. 0. 0.]",aka_title.at.phonetic_code
info_type,it.id,"[  1.     3.24   5.48   7.72   9.96  12.2   14.44  16.68  18.92  21.16
  23.4   25.64  27.88  30.12  32.36  34.6   36.84  39.08  41.32  43.56
  45.8   48.04  50.28  52.52  54.76  57.    59.24  61.48  63.72  65.96
  68.2   70.44  72.68  74.92  77.16  79.4   81.64  83.88  86.12  88.36
  90.6   92.84  95.08  97.32  99.56 101.8  104.04 106.28 108.52 110.76
 113.  ]",info_type.it.id
info_type,it.info,"[0. 0. 0. 0. 0. 0. 0. 0. 0. 0. 0. 0. 0. 0. 0. 0. 0. 0. 0. 0. 0. 0. 0. 0.
 0. 0. 0. 0. 0. 0. 0. 0. 0. 0. 0. 0. 0. 0. 0. 0. 0. 0. 0. 0. 0. 0. 0. 0.
 0. 0. 0.]",info_type.it.info
aka_name,an.id,"[1.0000000e+00 1.8027840e+04 3.6054680e+04 5.4081520e+04 7.2108360e+04
 9.0135200e+04 1.0816204e+05 1.2618888e+05 1.4421572e+05 1.6224256e+05
 1.8026940e+05 1.9829624e+05 2.1632308e+05 2.3434992e+05 2.5237676e+05
 2.7040360e+05 2.8843044e+05 3.0645728e+05 3.2448412e+05 3.4251096e+05
 3.6053780e+05 3.7856464e+05 3.9659148e+05 4.1461832e+05 4.3264516e+05
 4.5067200e+05 4.6869884e+05 4.8672568e+05 5.0475252e+05 5.2277936e+05
 5.4080620e+05 5.5883304e+05 5.7685988e+05 5.9488672e+05 6.1291356e+05
 6.3094040e+05 6.4896724e+05 6.6699408e+05 6.8502092e+05 7.0304776e+05
 7.2107460e+05 7.3910144e+05 7.5712828e+05 7.7515512e+05 7.9318196e+05
 8.1120880e+05 8.2923564e+05 8.4726248e+05 8.6528932e+05 8.8331616e+05
 9.0134300e+05]",aka_name.an.id
aka_name,an.person_id,"[4.00000000e+00 8.49020000e+04 1.65958680e+05 2.46115120e+05
 3.21908080e+05 3.96015400e+05 4.77062000e+05 5.56553880e+05
 6.37741000e+05 7.19053240e+05 8.03837000e+05 8.85506000e+05
 9.65775400e+05 1.04700800e+06 1.13289700e+06 1.21751900e+06
 1.29893100e+06 1.38290400e+06 1.46333048e+06 1.54525400e+06
 1.63106780e+06 1.70732452e+06 1.79404932e+06 1.88359200e+06
 1.96602932e+06 2.05806800e+06 2.15268336e+06 2.23965400e+06
 2.32703600e+06 2.42213700e+06 2.51369040e+06 2.59987204e+06
 2.69054360e+06 2.80777716e+06 2.93150100e+06 3.05457500e+06
 3.17785800e+06 3.28715244e+06 3.42404500e+06 3.55311000e+06
 3.68516140e+06 3.82346500e+06 3.95711428e+06 4.06375612e+06
 4.07653396e+06 4.08880880e+06 4.10157400e+06 4.11407548e+06
 4.12670900e+06 4.13946516e+06 4.16748900e+06]",aka_name.an.person_id
aka_name,an.imdb_index,"[0. 0. 0. 0. 0. 0. 0. 0. 0. 0. 0. 0. 0. 0. 0. 0. 0. 0. 0. 0. 0. 0. 0. 0.
 0. 0. 0. 0. 0. 0. 0. 0. 0. 0. 0. 0. 0. 0. 0. 0. 0. 0. 0. 0. 0. 0. 0. 0.
 0. 0. 0.]",aka_name.an.imdb_index
aka_name,an.name_pcode_cf,"[0. 0. 0. 0. 0. 0. 0. 0. 0. 0. 0. 0. 0. 0. 0. 0. 0. 0. 0. 0. 0. 0. 0. 0.
 0. 0. 0. 0. 0. 0. 0. 0. 0. 0. 0. 0. 0. 0. 0. 0. 0. 0. 0. 0. 0. 0. 0. 0.
 0. 0. 0.]",aka_name.an.name_pcode_cf
aka_name,an.name_pcode_nf,"[0. 0. 0. 0. 0. 0. 0. 0. 0. 0. 0. 0. 0. 0. 0. 0. 0. 0. 0. 0. 0. 0. 0. 0.
 0. 0. 0. 0. 0. 0. 0. 0. 0. 0. 0. 0. 0. 0. 0. 0. 0. 0. 0. 0. 0. 0. 0. 0.
 0. 0. 0.]",aka_name.an.name_pcode_nf
aka_name,an.surname_pcode,"[0. 0. 0. 0. 0. 0. 0. 0. 0. 0. 0. 0. 0. 0. 0. 0. 0. 0. 0. 0. 0. 0. 0. 0.
 0. 0. 0. 0. 0. 0. 0. 0. 0. 0. 0. 0. 0. 0. 0. 0. 0. 0. 0. 0. 0. 0. 0. 0.
 0. 0. 0.]",aka_name.an.surname_pcode
aka_name,an.md5sum,"[0. 0. 0. 0. 0. 0. 0. 0. 0. 0. 0. 0. 0. 0. 0. 0. 0. 0. 0. 0. 0. 0. 0. 0.
 0. 0. 0. 0. 0. 0. 0. 0. 0. 0. 0. 0. 0. 0. 0. 0. 0. 0. 0. 0. 0. 0. 0. 0.
 0. 0. 0.]",aka_name.an.md5sum
aka_name,an.name,"[0. 0. 0. 0. 0. 0. 0. 0. 0. 0. 0. 0. 0. 0. 0. 0. 0. 0. 0. 0. 0. 0. 0. 0.
 0. 0. 0. 0. 0. 0. 0. 0. 0. 0. 0. 0. 0. 0. 0. 0. 0. 0. 0. 0. 0. 0. 0. 0.
 0. 0. 0.]",aka_name.an.name
char_name,chn.id,"[1.00000000e+00 6.28077600e+04 1.25614520e+05 1.88421280e+05
 2.51228040e+05 3.14034800e+05 3.76841560e+05 4.39648320e+05
 5.02455080e+05 5.65261840e+05 6.28068600e+05 6.90875360e+05
 7.53682120e+05 8.16488880e+05 8.79295640e+05 9.42102400e+05
 1.00490916e+06 1.06771592e+06 1.13052268e+06 1.19332944e+06
 1.25613620e+06 1.31894296e+06 1.38174972e+06 1.44455648e+06
 1.50736324e+06 1.57017000e+06 1.63297676e+06 1.69578352e+06
 1.75859028e+06 1.82139704e+06 1.88420380e+06 1.94701056e+06
 2.00981732e+06 2.07262408e+06 2.13543084e+06 2.19823760e+06
 2.26104436e+06 2.32385112e+06 2.38665788e+06 2.44946464e+06
 2.51227140e+06 2.57507816e+06 2.63788492e+06 2.70069168e+06
 2.76349844e+06 2.82630520e+06 2.88911196e+06 2.95191872e+06
 3.01472548e+06 3.07753224e+06 3.14033900e+06]",char_name.chn.id
char_name,chn.imdb_id,"[0. 0. 0. 0. 0. 0. 0. 0. 0. 0. 0. 0. 0. 0. 0. 0. 0. 0. 0. 0. 0. 0. 0. 0.
 0. 0. 0. 0. 0. 0. 0. 0. 0. 0. 0. 0. 0. 0. 0. 0. 0. 0. 0. 0. 0. 0. 0. 0.
 0. 0. 0.]",char_name.chn.imdb_id
char_name,chn.md5sum,"[0. 0. 0. 0. 0. 0. 0. 0. 0. 0. 0. 0. 0. 0. 0. 0. 0. 0. 0. 0. 0. 0. 0. 0.
 0. 0. 0. 0. 0. 0. 0. 0. 0. 0. 0. 0. 0. 0. 0. 0. 0. 0. 0. 0. 0. 0. 0. 0.
 0. 0. 0.]",char_name.chn.md5sum
char_name,chn.name_pcode_nf,"[0. 0. 0. 0. 0. 0. 0. 0. 0. 0. 0. 0. 0. 0. 0. 0. 0. 0. 0. 0. 0. 0. 0. 0.
 0. 0. 0. 0. 0. 0. 0. 0. 0. 0. 0. 0. 0. 0. 0. 0. 0. 0. 0. 0. 0. 0. 0. 0.
 0. 0. 0.]",char_name.chn.name_pcode_nf
char_name,chn.surname_pcode,"[0. 0. 0. 0. 0. 0. 0. 0. 0. 0. 0. 0. 0. 0. 0. 0. 0. 0. 0. 0. 0. 0. 0. 0.
 0. 0. 0. 0. 0. 0. 0. 0. 0. 0. 0. 0. 0. 0. 0. 0. 0. 0. 0. 0. 0. 0. 0. 0.
 0. 0. 0.]",char_name.chn.surname_pcode
char_name,chn.name,"[0. 0. 0. 0. 0. 0. 0. 0. 0. 0. 0. 0. 0. 0. 0. 0. 0. 0. 0. 0. 0. 0. 0. 0.
 0. 0. 0. 0. 0. 0. 0. 0. 0. 0. 0. 0. 0. 0. 0. 0. 0. 0. 0. 0. 0. 0. 0. 0.
 0. 0. 0.]",char_name.chn.name
char_name,chn.imdb_index,"[0. 0. 0. 0. 0. 0. 0. 0. 0. 0. 0. 0. 0. 0. 0. 0. 0. 0. 0. 0. 0. 0. 0. 0.
 0. 0. 0. 0. 0. 0. 0. 0. 0. 0. 0. 0. 0. 0. 0. 0. 0. 0. 0. 0. 0. 0. 0. 0.
 0. 0. 0.]",char_name.chn.imdb_index
name,n.id,"[1.0000000e+00 8.3350800e+04 1.6670060e+05 2.5005040e+05 3.3340020e+05
 4.1675000e+05 5.0009980e+05 5.8344960e+05 6.6679940e+05 7.5014920e+05
 8.3349900e+05 9.1684880e+05 1.0001986e+06 1.0835484e+06 1.1668982e+06
 1.2502480e+06 1.3335978e+06 1.4169476e+06 1.5002974e+06 1.5836472e+06
 1.6669970e+06 1.7503468e+06 1.8336966e+06 1.9170464e+06 2.0003962e+06
 2.0837460e+06 2.1670958e+06 2.2504456e+06 2.3337954e+06 2.4171452e+06
 2.5004950e+06 2.5838448e+06 2.6671946e+06 2.7505444e+06 2.8338942e+06
 2.9172440e+06 3.0005938e+06 3.0839436e+06 3.1672934e+06 3.2506432e+06
 3.3339930e+06 3.4173428e+06 3.5006926e+06 3.5840424e+06 3.6673922e+06
 3.7507420e+06 3.8340918e+06 3.9174416e+06 4.0007914e+06 4.0841412e+06
 4.1674910e+06]",name.n.id
name,n.imdb_id,"[0. 0. 0. 0. 0. 0. 0. 0. 0. 0. 0. 0. 0. 0. 0. 0. 0. 0. 0. 0. 0. 0. 0. 0.
 0. 0. 0. 0. 0. 0. 0. 0. 0. 0. 0. 0. 0. 0. 0. 0. 0. 0. 0. 0. 0. 0. 0. 0.
 0. 0. 0.]",name.n.imdb_id
name,n.md5sum,"[0. 0. 0. 0. 0. 0. 0. 0. 0. 0. 0. 0. 0. 0. 0. 0. 0. 0. 0. 0. 0. 0. 0. 0.
 0. 0. 0. 0. 0. 0. 0. 0. 0. 0. 0. 0. 0. 0. 0. 0. 0. 0. 0. 0. 0. 0. 0. 0.
 0. 0. 0.]",name.n.md5sum
name,n.gender,"[0. 0. 0. 0. 0. 0. 0. 0. 0. 0. 0. 0. 0. 0. 0. 0. 0. 0. 0. 0. 0. 0. 0. 0.
 0. 0. 0. 0. 0. 0. 0. 0. 0. 0. 0. 0. 0. 0. 0. 0. 0. 0. 0. 0. 0. 0. 0. 0.
 0. 0. 0.]",name.n.gender
name,n.name_pcode_cf,"[0. 0. 0. 0. 0. 0. 0. 0. 0. 0. 0. 0. 0. 0. 0. 0. 0. 0. 0. 0. 0. 0. 0. 0.
 0. 0. 0. 0. 0. 0. 0. 0. 0. 0. 0. 0. 0. 0. 0. 0. 0. 0. 0. 0. 0. 0. 0. 0.
 0. 0. 0.]",name.n.name_pcode_cf
name,n.name_pcode_nf,"[0. 0. 0. 0. 0. 0. 0. 0. 0. 0. 0. 0. 0. 0. 0. 0. 0. 0. 0. 0. 0. 0. 0. 0.
 0. 0. 0. 0. 0. 0. 0. 0. 0. 0. 0. 0. 0. 0. 0. 0. 0. 0. 0. 0. 0. 0. 0. 0.
 0. 0. 0.]",name.n.name_pcode_nf
name,n.surname_pcode,"[0. 0. 0. 0. 0. 0. 0. 0. 0. 0. 0. 0. 0. 0. 0. 0. 0. 0. 0. 0. 0. 0. 0. 0.
 0. 0. 0. 0. 0. 0. 0. 0. 0. 0. 0. 0. 0. 0. 0. 0. 0. 0. 0. 0. 0. 0. 0. 0.
 0. 0. 0.]",name.n.surname_pcode
name,n.name,"[0. 0. 0. 0. 0. 0. 0. 0. 0. 0. 0. 0. 0. 0. 0. 0. 0. 0. 0. 0. 0. 0. 0. 0.
 0. 0. 0. 0. 0. 0. 0. 0. 0. 0. 0. 0. 0. 0. 0. 0. 0. 0. 0. 0. 0. 0. 0. 0.
 0. 0. 0.]",name.n.name
name,n.imdb_index,"[0. 0. 0. 0. 0. 0. 0. 0. 0. 0. 0. 0. 0. 0. 0. 0. 0. 0. 0. 0. 0. 0. 0. 0.
 0. 0. 0. 0. 0. 0. 0. 0. 0. 0. 0. 0. 0. 0. 0. 0. 0. 0. 0. 0. 0. 0. 0. 0.
 0. 0. 0.]",name.n.imdb_index
person_info,pi.id,"[1.00000000e+00 5.92742600e+04 1.18547520e+05 1.77820780e+05
 2.37094040e+05 2.96367300e+05 3.55640560e+05 4.14913820e+05
 4.74187080e+05 5.33460340e+05 5.92733600e+05 6.52006860e+05
 7.11280120e+05 7.70553380e+05 8.29826640e+05 8.89099900e+05
 9.48373160e+05 1.00764642e+06 1.06691968e+06 1.12619294e+06
 1.18546620e+06 1.24473946e+06 1.30401272e+06 1.36328598e+06
 1.42255924e+06 1.48183250e+06 1.54110576e+06 1.60037902e+06
 1.65965228e+06 1.71892554e+06 1.77819880e+06 1.83747206e+06
 1.89674532e+06 1.95601858e+06 2.01529184e+06 2.07456510e+06
 2.13383836e+06 2.19311162e+06 2.25238488e+06 2.31165814e+06
 2.37093140e+06 2.43020466e+06 2.48947792e+06 2.54875118e+06
 2.60802444e+06 2.66729770e+06 2.72657096e+06 2.78584422e+06
 2.84511748e+06 2.90439074e+06 2.96366400e+06]",person_info.pi.id
person_info,pi.person_id,"[4.0000000e+00 6.8991000e+04 1.3077400e+05 1.8983600e+05 2.4546000e+05
 3.1022450e+05 3.6563800e+05 4.2924800e+05 4.9147932e+05 5.5201400e+05
 6.1202200e+05 6.7057900e+05 7.3116600e+05 7.9828200e+05 8.6703100e+05
 9.2859200e+05 9.9591600e+05 1.0596830e+06 1.1288990e+06 1.1976980e+06
 1.2622710e+06 1.3260020e+06 1.3947610e+06 1.4586940e+06 1.5192654e+06
 1.5913565e+06 1.6571970e+06 1.7162570e+06 1.7835600e+06 1.8417170e+06
 1.9019280e+06 1.9612470e+06 2.0202590e+06 2.0856070e+06 2.1460270e+06
 2.2121200e+06 2.2678580e+06 2.3318180e+06 2.3961990e+06 2.4585350e+06
 2.5241050e+06 2.5831190e+06 2.6490930e+06 2.7232990e+06 2.9047350e+06
 3.0763789e+06 3.1611200e+06 3.3202850e+06 3.6629820e+06 4.1451730e+06
 4.1674910e+06]",person_info.pi.person_id
person_info,pi.info_type_id,"[15. 15. 17. 17. 17. 17. 17. 17. 17. 17. 17. 17. 19. 19. 20. 20. 20. 20.
 20. 21. 21. 21. 21. 21. 21. 22. 22. 22. 23. 24. 24. 24. 25. 25. 25. 25.
 25. 25. 25. 26. 26. 28. 31. 34. 36. 36. 36. 37. 38. 39. 39.]",person_info.pi.info_type_id
person_info,pi.info,"[0. 0. 0. 0. 0. 0. 0. 0. 0. 0. 0. 0. 0. 0. 0. 0. 0. 0. 0. 0. 0. 0. 0. 0.
 0. 0. 0. 0. 0. 0. 0. 0. 0. 0. 0. 0. 0. 0. 0. 0. 0. 0. 0. 0. 0. 0. 0. 0.
 0. 0. 0.]",person_info.pi.info
person_info,pi.note,"[0. 0. 0. 0. 0. 0. 0. 0. 0. 0. 0. 0. 0. 0. 0. 0. 0. 0. 0. 0. 0. 0. 0. 0.
 0. 0. 0. 0. 0. 0. 0. 0. 0. 0. 0. 0. 0. 0. 0. 0. 0. 0. 0. 0. 0. 0. 0. 0.
 0. 0. 0.]",person_info.pi.note
link_type,lt.id,"[ 1.    1.34  1.68  2.02  2.36  2.7   3.04  3.38  3.72  4.06  4.4   4.74
  5.08  5.42  5.76  6.1   6.44  6.78  7.12  7.46  7.8   8.14  8.48  8.82
  9.16  9.5   9.84 10.18 10.52 10.86 11.2  11.54 11.88 12.22 12.56 12.9
 13.24 13.58 13.92 14.26 14.6  14.94 15.28 15.62 15.96 16.3  16.64 16.98
 17.32 17.66 18.  ]",link_type.lt.id
link_type,lt.link,"[0. 0. 0. 0. 0. 0. 0. 0. 0. 0. 0. 0. 0. 0. 0. 0. 0. 0. 0. 0. 0. 0. 0. 0.
 0. 0. 0. 0. 0. 0. 0. 0. 0. 0. 0. 0. 0. 0. 0. 0. 0. 0. 0. 0. 0. 0. 0. 0.
 0. 0. 0.]",link_type.lt.link
kind_type,kt.id,"[1.   1.12 1.24 1.36 1.48 1.6  1.72 1.84 1.96 2.08 2.2  2.32 2.44 2.56
 2.68 2.8  2.92 3.04 3.16 3.28 3.4  3.52 3.64 3.76 3.88 4.   4.12 4.24
 4.36 4.48 4.6  4.72 4.84 4.96 5.08 5.2  5.32 5.44 5.56 5.68 5.8  5.92
 6.04 6.16 6.28 6.4  6.52 6.64 6.76 6.88 7.  ]",kind_type.kt.id
kind_type,kt.kind,"[0. 0. 0. 0. 0. 0. 0. 0. 0. 0. 0. 0. 0. 0. 0. 0. 0. 0. 0. 0. 0. 0. 0. 0.
 0. 0. 0. 0. 0. 0. 0. 0. 0. 0. 0. 0. 0. 0. 0. 0. 0. 0. 0. 0. 0. 0. 0. 0.
 0. 0. 0.]",kind_type.kt.kind
movie_link,ml.id,"[1.000000e+00 6.009200e+02 1.200840e+03 1.800760e+03 2.400680e+03
 3.000600e+03 3.600520e+03 4.200440e+03 4.800360e+03 5.400280e+03
 6.000200e+03 6.600120e+03 7.200040e+03 7.799960e+03 8.399880e+03
 8.999800e+03 9.599720e+03 1.019964e+04 1.079956e+04 1.139948e+04
 1.199940e+04 1.259932e+04 1.319924e+04 1.379916e+04 1.439908e+04
 1.499900e+04 1.559892e+04 1.619884e+04 1.679876e+04 1.739868e+04
 1.799860e+04 1.859852e+04 1.919844e+04 1.979836e+04 2.039828e+04
 2.099820e+04 2.159812e+04 2.219804e+04 2.279796e+04 2.339788e+04
 2.399780e+04 2.459772e+04 2.519764e+04 2.579756e+04 2.639748e+04
 2.699740e+04 2.759732e+04 2.819724e+04 2.879716e+04 2.939708e+04
 2.999700e+04]",movie_link.ml.id
movie_link,ml.movie_id,"[2.0000000e+00 5.9130000e+03 7.3270000e+03 7.3690000e+03 8.8050000e+03
 1.1143000e+04 1.1235000e+04 1.5711000e+04 1.9670080e+04 2.7208000e+04
 3.4169400e+04 4.1737280e+04 4.4600280e+04 5.2934000e+04 5.5507000e+04
 6.0355200e+04 6.9890000e+04 7.1643640e+04 7.3091000e+04 7.3915440e+04
 7.4688000e+04 8.1149000e+04 8.4071000e+04 8.4156000e+04 8.6671000e+04
 9.7052000e+04 1.0035500e+05 1.0995800e+05 1.1069300e+05 1.1082200e+05
 1.1095000e+05 1.1974476e+05 1.2259900e+05 1.2264400e+05 1.2268400e+05
 1.2566280e+05 1.2998300e+05 1.3224900e+05 1.3283200e+05 1.3364300e+05
 1.3521400e+05 1.3729100e+05 1.3891500e+05 1.4133400e+05 1.4303948e+05
 1.4720140e+05 1.5039700e+05 1.5226700e+05 1.5870300e+05 1.6062000e+05
 1.8617500e+05]",movie_link.ml.movie_id
movie_link,ml.linked_movie_id,"[2.84000000e+02 3.09850800e+04 7.80668400e+04 1.29157000e+05
 1.38928000e+05 1.51268200e+05 1.64754520e+05 2.27155880e+05
 3.28050840e+05 4.57492000e+05 5.29100000e+05 6.27961000e+05
 7.31768000e+05 8.40812520e+05 9.05806880e+05 1.01361440e+06
 1.12442200e+06 1.14402700e+06 1.23189336e+06 1.30882704e+06
 1.37706400e+06 1.41807900e+06 1.43302224e+06 1.49174600e+06
 1.58737644e+06 1.64585200e+06 1.67512024e+06 1.69996000e+06
 1.71863976e+06 1.74541660e+06 1.77949900e+06 1.82883300e+06
 1.87073400e+06 1.90962700e+06 1.93870380e+06 1.98964480e+06
 2.04329060e+06 2.10418988e+06 2.14714304e+06 2.20346148e+06
 2.24024900e+06 2.27591472e+06 2.31049300e+06 2.32703900e+06
 2.34963052e+06 2.37334400e+06 2.39296900e+06 2.41367300e+06
 2.43657500e+06 2.47680400e+06 2.52499400e+06]",movie_link.ml.linked_movie_id
movie_link,ml.link_type_id,"[ 1.  1.  2.  2.  3.  5.  5.  5.  5.  5.  5.  5.  5.  5.  5.  5.  5.  5.
  5.  6.  6.  6.  6.  6.  6.  6.  6.  6.  6.  7.  8.  9.  9.  9.  9.  9.
  9.  9.  9.  9. 10. 10. 10. 11. 13. 13. 13. 13. 13. 13. 17.]",movie_link.ml.link_type_id
keyword,k.id,"[1.0000000e+00 2.6843800e+03 5.3677600e+03 8.0511400e+03 1.0734520e+04
 1.3417900e+04 1.6101280e+04 1.8784660e+04 2.1468040e+04 2.4151420e+04
 2.6834800e+04 2.9518180e+04 3.2201560e+04 3.4884940e+04 3.7568320e+04
 4.0251700e+04 4.2935080e+04 4.5618460e+04 4.8301840e+04 5.0985220e+04
 5.3668600e+04 5.6351980e+04 5.9035360e+04 6.1718740e+04 6.4402120e+04
 6.7085500e+04 6.9768880e+04 7.2452260e+04 7.5135640e+04 7.7819020e+04
 8.0502400e+04 8.3185780e+04 8.5869160e+04 8.8552540e+04 9.1235920e+04
 9.3919300e+04 9.6602680e+04 9.9286060e+04 1.0196944e+05 1.0465282e+05
 1.0733620e+05 1.1001958e+05 1.1270296e+05 1.1538634e+05 1.1806972e+05
 1.2075310e+05 1.2343648e+05 1.2611986e+05 1.2880324e+05 1.3148662e+05
 1.3417000e+05]",keyword.k.id
keyword,k.keyword,"[0. 0. 0. 0. 0. 0. 0. 0. 0. 0. 0. 0. 0. 0. 0. 0. 0. 0. 0. 0. 0. 0. 0. 0.
 0. 0. 0. 0. 0. 0. 0. 0. 0. 0. 0. 0. 0. 0. 0. 0. 0. 0. 0. 0. 0. 0. 0. 0.
 0. 0. 0.]",keyword.k.keyword
keyword,k.phonetic_code,"[0. 0. 0. 0. 0. 0. 0. 0. 0. 0. 0. 0. 0. 0. 0. 0. 0. 0. 0. 0. 0. 0. 0. 0.
 0. 0. 0. 0. 0. 0. 0. 0. 0. 0. 0. 0. 0. 0. 0. 0. 0. 0. 0. 0. 0. 0. 0. 0.
 0. 0. 0.]",keyword.k.phonetic_code
comp_cast_type,cct.id,"[1.   1.06 1.12 1.18 1.24 1.3  1.36 1.42 1.48 1.54 1.6  1.66 1.72 1.78
 1.84 1.9  1.96 2.02 2.08 2.14 2.2  2.26 2.32 2.38 2.44 2.5  2.56 2.62
 2.68 2.74 2.8  2.86 2.92 2.98 3.04 3.1  3.16 3.22 3.28 3.34 3.4  3.46
 3.52 3.58 3.64 3.7  3.76 3.82 3.88 3.94 4.  ]",comp_cast_type.cct.id
comp_cast_type,cct.kind,"[0. 0. 0. 0. 0. 0. 0. 0. 0. 0. 0. 0. 0. 0. 0. 0. 0. 0. 0. 0. 0. 0. 0. 0.
 0. 0. 0. 0. 0. 0. 0. 0. 0. 0. 0. 0. 0. 0. 0. 0. 0. 0. 0. 0. 0. 0. 0. 0.
 0. 0. 0.]",comp_cast_type.cct.kind
role_type,rt.id,"[ 1.    1.22  1.44  1.66  1.88  2.1   2.32  2.54  2.76  2.98  3.2   3.42
  3.64  3.86  4.08  4.3   4.52  4.74  4.96  5.18  5.4   5.62  5.84  6.06
  6.28  6.5   6.72  6.94  7.16  7.38  7.6   7.82  8.04  8.26  8.48  8.7
  8.92  9.14  9.36  9.58  9.8  10.02 10.24 10.46 10.68 10.9  11.12 11.34
 11.56 11.78 12.  ]",role_type.rt.id
role_type,rt.role,"[0. 0. 0. 0. 0. 0. 0. 0. 0. 0. 0. 0. 0. 0. 0. 0. 0. 0. 0. 0. 0. 0. 0. 0.
 0. 0. 0. 0. 0. 0. 0. 0. 0. 0. 0. 0. 0. 0. 0. 0. 0. 0. 0. 0. 0. 0. 0. 0.
 0. 0. 0.]",role_type.rt.role
